state,interstate_vmt,total_vmt,year
Alabama,11989,56534,2000
Alaska,1394,4613,2000
Arizona,12682,49768,2000
Arkansas,7347,29167,2000
California,78900,306649,2000
Colorado,9706,41771,2000
Connecticut,9985,30756,2000
Delaware,1393,8240,2000
District of Columbia,463,3498,2000
Florida,30253,152136,2000
Georgia,27544,105010,2000
Hawaii,1766,8543,2000
Idaho,3141,13534,2000
Illinois,29088,102866,2000
Indiana,15612,70862,2000
Iowa,6626,29433,2000
Kansas,6509,28130,2000
Kentucky,12045,46803,2000
Louisiana,10375,40849,2000
Maine,2885,14190,2000
Maryland,15208,50174,2000
Massachusetts,15557,52796,2000
Michigan,21682,97792,2000
Minnesota,11906,52601,2000
Mississippi,6370,35536,2000
Missouri,18693,67083,2000
Montana,2442,9882,2000
Nebraska,3721,18081,2000
Nevada,4147,17639,2000
New Hampshire,2726,12021,2000
New Jersey,12594,67446,2000
New Mexico,6439,22760,2000
New York,24672,129057,2000
North Carolina,17647,89504,2000
North Dakota,1536,7217,2000
Ohio,30019,105898,2000
Oklahoma,8969,43355,2000
Oregon,8423,35010,2000
Pennsylvania,22509,102337,2000
Rhode Island,2174,8359,2000
South Carolina,11938,45538,2000
South Dakota,2292,8432,2000
Tennessee,18445,65732,2000
Texas,49012,220064,2000
Utah,7627,22597,2000
Vermont,1559,6811,2000
Virginia,21524,74801,2000
Washington,14889,53330,2000
West Virginia,5165,19242,2000
Wisconsin,10256,57266,2000
Wyoming,2696,8090,2000
Alabama,12159,56769,2001
Alaska,1439,4721,2001
Arizona,12065,49655,2001
Arkansas,7476,29433,2001
California,80734,310575,2001
Colorado,9927,42955,2001
Connecticut,10005,30844,2001
Delaware,1383,8615,2001
District of Columbia,630,3750,2001
Florida,30708,170587,2001
Georgia,28156,107897,2001
Hawaii,1811,8694,2001
Idaho,3201,14078,2001
Illinois,29317,103038,2001
Indiana,17185,71802,2001
Iowa,6681,30016,2001
Kansas,6577,28155,2001
Kentucky,11951,46258,2001
Louisiana,11401,43244,2001
Maine,2974,14423,2001
Maryland,15633,51996,2001
Massachusetts,15699,53015,2001
Michigan,21577,98987,2001
Minnesota,12337,53341,2001
Mississippi,6581,35988,2001
Missouri,17764,67632,2001
Montana,2479,10011,2001
Nebraska,3770,18102,2001
Nevada,4198,18309,2001
New Hampshire,2762,12315,2001
New Jersey,13198,68725,2001
New Mexico,6390,23232,2001
New York,25126,130722,2001
North Carolina,17795,91580,2001
North Dakota,1552,7235,2001
Ohio,30576,106589,2001
Oklahoma,9011,43527,2001
Oregon,8485,34398,2001
Pennsylvania,23009,103004,2001
Rhode Island,2261,7991,2001
South Carolina,12116,46601,2001
South Dakota,2334,8542,2001
Tennessee,18645,67632,2001
Texas,49148,216269,2001
Utah,8379,23452,2001
Vermont,1621,9617,2001
Virginia,21778,73745,2001
Washington,15166,53665,2001
West Virginia,5484,19714,2001
Wisconsin,10183,57269,2001
Wyoming,2768,8625,2001
Alabama,12255,57515,2002
Alaska,1483,4896,2002
Arizona,12225,51334,2002
Arkansas,7541,30080,2002
California,82345,320942,2002
Colorado,10394,43545,2002
Connecticut,10149,31205,2002
Delaware,1375,8875,2002
District of Columbia,425,3547,2002
Florida,31376,178367,2002
Georgia,28333,108321,2002
Hawaii,1816,8886,2002
Idaho,3313,14167,2002
Illinois,30373,105401,2002
Indiana,15815,72523,2002
Iowa,7028,30847,2002
Kansas,6683,28443,2002
Kentucky,12388,46841,2002
Louisiana,11825,43295,2002
Maine,3037,14727,2002
Maryland,16214,53702,2002
Massachusetts,15779,53266,2002
Michigan,22093,100144,2002
Minnesota,12097,54562,2002
Mississippi,6627,36429,2002
Missouri,17956,68163,2002
Montana,2736,10395,2002
Nebraska,3906,18719,2002
Nevada,4393,17966,2002
New Hampshire,2848,12578,2002
New Jersey,13709,69942,2002
New Mexico,6361,22789,2002
New York,25289,133057,2002
North Carolina,18219,92894,2002
North Dakota,1601,7336,2002
Ohio,31057,107861,2002
Oklahoma,9852,45731,2002
Oregon,8681,34578,2002
Pennsylvania,24047,104476,2002
Rhode Island,2304,8142,2002
South Carolina,12389,47290,2002
South Dakota,2403,8499,2002
Tennessee,19000,68229,2002
Texas,51143,221026,2002
Utah,8915,24564,2002
Vermont,1669,9677,2002
Virginia,22807,77450,2002
Washington,15600,54776,2002
West Virginia,5595,20005,2002
Wisconsin,10264,58746,2002
Wyoming,2847,9007,2002
Alabama,12547,58637,2003
Alaska,1502,4942,2003
Arizona,12531,53896,2003
Arkansas,7588,30639,2003
California,86714,323592,2003
Colorado,10217,43379,2003
Connecticut,10052,31432,2003
Delaware,1390,9044,2003
District of Columbia,436,4150,2003
Florida,32321,185511,2003
Georgia,29865,109246,2003
Hawaii,1872,9312,2003
Idaho,3315,14290,2003
Illinois,31126,106536,2003
Indiana,16080,72511,2003
Iowa,7158,31108,2003
Kansas,6773,28672,2003
Kentucky,12453,46748,2003
Louisiana,12256,44156,2003
Maine,3067,14912,2003
Maryland,16536,54701,2003
Massachusetts,15729,53709,2003
Michigan,22573,100756,2003
Minnesota,12296,55296,2003
Mississippi,6689,37467,2003
Missouri,17956,68163,2003
Montana,2736,10874,2003
Nebraska,3916,19016,2003
Nevada,4475,19301,2003
New Hampshire,3042,13180,2003
New Jersey,14073,69778,2003
New Mexico,6700,22844,2003
New York,25848,135047,2003
North Carolina,18022,93759,2003
North Dakota,1658,7468,2003
Ohio,31257,108938,2003
Oklahoma,9469,45725,2003
Oregon,8719,35098,2003
Pennsylvania,24952,106347,2003
Rhode Island,2353,8365,2003
South Carolina,12762,48120,2003
South Dakota,2468,8527,2003
Tennessee,19242,69154,2003
Texas,51721,223418,2003
Utah,8794,24029,2003
Vermont,1668,8309,2003
Virginia,22991,76868,2003
Washington,15861,55015,2003
West Virginia,5532,20082,2003
Wisconsin,10459,59615,2003
Wyoming,2818,9211,2003
Alabama,12939,59035,2004
Alaska,1513,4990,2004
Arizona,13111,57336,2004
Arkansas,8021,31648,2004
California,89829,328917,2004
Colorado,10866,45891,2004
Connecticut,10114,31608,2004
Delaware,1410,9301,2004
District of Columbia,442,3742,2004
Florida,33409,196444,2004
Georgia,30664,112620,2004
Hawaii,1896,9725,2004
Idaho,3357,14729,2004
Illinois,31976,109135,2004
Indiana,16125,72713,2004
Iowa,7234,31538,2004
Kansas,6931,29172,2004
Kentucky,12708,47322,2004
Louisiana,12475,44607,2004
Maine,3123,14948,2004
Maryland,16668,55284,2004
Massachusetts,16567,54771,2004
Michigan,22668,103326,2004
Minnesota,12504,56570,2004
Mississippi,6937,39431,2004
Missouri,18185,68994,2004
Montana,2837,11207,2004
Nebraska,3968,19171,2004
Nevada,4487,19354,2004
New Hampshire,3050,13216,2004
New Jersey,14279,72844,2004
New Mexico,6955,23942,2004
New York,26798,137898,2004
North Carolina,18757,95903,2004
North Dakota,1739,7594,2004
Ohio,32665,111654,2004
Oklahoma,9636,46443,2004
Oregon,8751,35598,2004
Pennsylvania,25709,108070,2004
Rhode Island,2381,8473,2004
South Carolina,13290,49551,2004
South Dakota,2512,8784,2004
Tennessee,19822,70943,2004
Texas,53181,231008,2004
Utah,8928,24696,2004
Vermont,1683,7855,2004
Virginia,23675,78877,2004
Washington,15345,55673,2004
West Virginia,5713,20302,2004
Wisconsin,10670,60399,2004
Wyoming,2878,9261,2004
Alabama,13321,59661,2005
Alaska,1504,5035,2005
Arizona,13570,59799,2005
Arkansas,8073,31972,2005
California,88898,329267,2005
Colorado,11780,47962,2005
Connecticut,10230,31675,2005
Delaware,1385,9508,2005
District of Columbia,465,3713,2005
Florida,34416,201531,2005
Georgia,30372,113509,2005
Hawaii,1908,10083,2005
Idaho,3398,14866,2005
Illinois,31620,107706,2005
Indiana,16290,71799,2005
Iowa,7231,31060,2005
Kansas,6934,29621,2005
Kentucky,12737,47466,2005
Louisiana,12597,44979,2005
Maine,3092,14925,2005
Maryland,16807,56319,2005
Massachusetts,16591,55458,2005
Michigan,22245,104052,2005
Minnesota,12637,56904,2005
Mississippi,7103,42186,2005
Missouri,18245,68754,2005
Montana,2814,11126,2005
Nebraska,3984,19291,2005
Nevada,4854,20776,2005
New Hampshire,2890,13429,2005
New Jersey,14922,73819,2005
New Mexico,7171,23966,2005
New York,26725,137521,2005
North Carolina,20087,101268,2005
North Dakota,1719,7570,2005
Ohio,32658,110491,2005
Oklahoma,9620,47019,2005
Oregon,8892,35282,2005
Pennsylvania,25661,108042,2005
Rhode Island,2265,8300,2005
South Carolina,13436,49434,2005
South Dakota,2467,8397,2005
Tennessee,20169,70814,2005
Texas,54980,235170,2005
Utah,9114,25158,2005
Vermont,1662,7713,2005
Virginia,23834,80337,2005
Washington,15414,55476,2005
West Virginia,5868,20523,2005
Wisconsin,10350,60017,2005
Wyoming,2855,9058,2005
Alabama,13362,60414,2006
Alaska,1471,4967,2006
Arizona,13685,62468,2006
Arkansas,8520,33007,2006
California,89782,327478,2006
Colorado,11661,48641,2006
Connecticut,10279,31743,2006
Delaware,1326,9442,2006
District of Columbia,419,3623,2006
Florida,35497,203741,2006
Georgia,30587,113532,2006
Hawaii,1946,10182,2006
Idaho,3487,15198,2006
Illinois,30878,106869,2006
Indiana,16536,71215,2006
Iowa,7431,31355,2006
Kansas,6917,30215,2006
Kentucky,13061,47742,2006
Louisiana,12810,45417,2006
Maine,3126,15044,2006
Maryland,16850,56302,2006
Massachusetts,16381,55136,2006
Michigan,22238,104184,2006
Minnesota,12794,56518,2006
Mississippi,7550,41498,2006
Missouri,18423,68834,2006
Montana,2833,11265,2006
Nebraska,4139,19415,2006
Nevada,5382,21824,2006
New Hampshire,2883,13614,2006
New Jersey,15430,75371,2006
New Mexico,7163,25787,2006
New York,26958,141348,2006
North Carolina,20652,101515,2006
North Dakota,1723,7890,2006
Ohio,33051,111247,2006
Oklahoma,9592,48689,2006
Oregon,8910,35483,2006
Pennsylvania,25909,108278,2006
Rhode Island,2191,8300,2006
South Carolina,13599,50199,2006
South Dakota,2512,9168,2006
Tennessee,20302,70596,2006
Texas,55043,238256,2006
Utah,9338,25964,2006
Vermont,1652,7832,2006
Virginia,24070,81095,2006
Washington,15430,56517,2006
West Virginia,6027,20885,2006
Wisconsin,10389,59398,2006
Wyoming,3001,9415,2006
Alabama,13510,61410,2007
Alaska,1551,5153,2007
Arizona,13426,62963,2007
Arkansas,8571,33171,2007
California,89211,328312,2007
Colorado,11930,48713,2007
Connecticut,10409,32053,2007
Delaware,1289,9483,2007
District of Columbia,409,3609,2007
Florida,36051,206121,2007
Georgia,30372,112541,2007
Hawaii,2014,10345,2007
Idaho,3583,15782,2007
Illinois,31010,107483,2007
Indiana,16949,71478,2007
Iowa,7429,31253,2007
Kansas,6974,30048,2007
Kentucky,13093,48063,2007
Louisiana,12860,45376,2007
Maine,3136,15035,2007
Maryland,17015,56503,2007
Massachusetts,16363,55071,2007
Michigan,22067,104614,2007
Minnesota,12754,57233,2007
Mississippi,7711,43337,2007
Missouri,18574,69151,2007
Montana,2905,11307,2007
Nebraska,4177,19439,2007
Nevada,5641,22146,2007
New Hampshire,2864,13459,2007
New Jersey,15946,76152,2007
New Mexico,7277,26850,2007
New York,26997,136737,2007
North Carolina,21015,103598,2007
North Dakota,1831,7844,2007
Ohio,32683,110631,2007
Oklahoma,9694,47572,2007
Oregon,8956,34750,2007
Pennsylvania,25799,108699,2007
Rhode Island,2396,8636,2007
South Carolina,13870,51109,2007
South Dakota,2564,9005,2007
Tennessee,20536,71179,2007
Texas,55530,243443,2007
Utah,9493,26832,2007
Vermont,1641,7694,2007
Virginia,24339,82077,2007
Washington,15562,56939,2007
West Virginia,6037,20564,2007
Wisconsin,10743,59493,2007
Wyoming,2996,9366,2007
Alabama,12950,59303,2008
Alaska,1465,4865,2008
Arizona,12886,61628,2008
Arkansas,8400,33163,2008
California,86296,327286,2008
Colorado,11721,47860,2008
Connecticut,10304,31737,2008
Delaware,1253,8976,2008
District of Columbia,417,3611,2008
Florida,34229,198616,2008
Georgia,28551,109057,2008
Hawaii,1971,10278,2008
Idaho,3351,15251,2008
Illinois,31409,106079,2008
Iowa,7166,30713,2008
Kansas,6932,29727,2008
Kentucky,12611,47534,2008
Louisiana,12669,45091,2008
Maine,3001,14559,2008
Maryland,16710,55023,2008
Massachusetts,16318,54505,2008
Michigan,20591,101825,2008
Minnesota,12650,57995,2008
Mississippi,7582,43711,2008
Missouri,18185,68273,2008
Montana,2693,10812,2008
Nebraska,3946,19170,2008
Nevada,5341,20780,2008
New Hampshire,2792,13040,2008
New Jersey,15300,73629,2008
New Mexico,7190,26279,2008
New York,26692,134085,2008
North Carolina,19932,101712,2008
North Dakota,1768,7820,2008
Ohio,31470,108302,2008
Oklahoma,9679,48499,2008
Oregon,8502,33468,2008
Pennsylvania,25667,107848,2008
Rhode Island,2141,8187,2008
South Carolina,13399,49597,2008
South Dakota,2570,8986,2008
Tennessee,20100,69469,2008
Texas,54889,235382,2008
Utah,8969,25974,2008
Vermont,1587,7312,2008
Virginia,23809,82278,2008
Washington,15073,55558,2008
West Virginia,6289,20774,2008
Wisconsin,10353,57462,2008
Wyoming,2945,9447,2008
Alabama,36055.2951617,61299.674561089996,2009
Alaska,3176,4933,2009
Arizona,25207,61628,2009
Arkansas,22857.2449996,33154.2391289,2009
California,75744,324486,2009
Colorado,18846.386271350002,46230.3470177,2009
Connecticut,4689,31420,2009
Delaware,2742,9080,2009
District of Columbia,0,3608,2009
Florida,45117.07848227,196379.37012268495,2009
Georgia,48352,109258,2009
Hawaii,2536,9973,2009
Idaho,11656,15531,2009
Illinois,35925,105846,2009
Indiana,35588,76628,2009
Iowa,23433,31065,2009
Kansas,17618.433904449997,29496.735296475,2009
Kentucky,33899,47355,2009
Louisiana,24775,44863,2009
Maine,12613,14491,2009
Maryland,17630,55293,2009
Massachusetts,5657,54812,2009
Michigan,36720,96769,2009
Minnesota,28744.024383080003,56878.521032765006,2009
Mississippi,28007,40427,2009
Missouri,34965,69003,2009
Montana,10761,11011,2009
Nebraska,13573,19359,2009
Nevada,7051,20454,2009
New Hampshire,6961.810247179999,12975.431928415,2009
New Jersey,7827,73029,2009
New Mexico,19146,26013,2009
New York,39051,133491,2009
North Carolina,46811.455148249996,102589.99700675004,2009
North Dakota,7372,8154,2009
Ohio,45329.04014201,110591.29411557989,2009
Oklahoma,26531.88789795,46996.988144949995,2009
Oregon,19342,33972,2009
Pennsylvania,47074.22140108,103205.76019333497,2009
Rhode Island,1277,8250,2009
South Carolina,31663,49130,2009
South Dakota,8229.978231224999,8837.961673854981,2009
Tennessee,36848,70226,2009
Texas,82380.97045215,229984.19777637004,2009
Utah,11112,26264,2009
Vermont,6981,7646,2009
Virginia,38960,80927,2009
Washington,21201,56417,2009
West Virginia,14169,19606,2009
Wisconsin,32784,58157,2009
Wyoming,9369,9568,2009
Alabama,36313.557487175,64165.148637875,2010
Alaska,3063.547328115,4798.261974204999,2010
Arizona,24453.501446875,59995.15870028501,2010
Arkansas,23120.024815099998,33504.42525715,2010
California,75625.23613604999,322849.39821274497,2010
Colorado,18869.13621035,46939.927289800005,2010
Connecticut,4613.023665000001,31294.416647000002,2010
Delaware,2778.867348,8947.67132,2010
District of Columbia,0,3590.81844375,2010
Florida,44862.063730425005,195754.713285145,2010
Georgia,46776.931605000005,111722.46699454999,2010
Hawaii,2532.42625161,9994.649304775,2010
Idaho,11435.53755255,15801.206278325,2010
Illinois,35892.62001625,105787.85244645001,2010
Indiana,35505.8193802,75760.5098409,2010
Iowa,23876.852748355006,31388.615609750002,2010
Kansas,17760.926134729998,29899.658379279994,2010
Kentucky,34627.70545349999,48006.742903759994,2010
Louisiana,24455.84743145,45438.69081839,2010
Maine,12735.095123049998,14549.383103049999,2010
Maryland,17841.55754597,56125.52195596001,2010
Massachusetts,5511.697966510001,54361.98632879001,2010
Michigan,37714.468262055,97567.36027140949,2010
Minnesota,28694.19747517,56631.674461405004,2010
Mississippi,27278.867596735498,39841.029778549,2010
Missouri,37059.41911953,70863.996684895,2010
Montana,10794.00407934,11189.805953015002,2010
Nebraska,13734.150076949998,19437.951655549998,2010
Nevada,6864.3105011,22201.419492949997,2010
New Hampshire,7038.88863454,13065.220251605002,2010
New Jersey,8006.532474650001,73027.659189,2010
New Mexico,18735.2977658,25273.67897431,2010
New York,39060.5126826,131252.0614996,2010
North Carolina,46003.019446340004,102384.96763214,2010
North Dakota,7486.21311653,8262.2587856,2010
Ohio,45295.655429055,111835.73156221,2010
Oklahoma,26915.4657081,47745.91733330001,2010
Oregon,19173.797699000002,33774.105561899996,2010
Pennsylvania,46105.995630885,100328.712345785,2010
Rhode Island,1290.689938935,8280.22043852,2010
South Carolina,31278.245931915,49124.33519707,2010
South Dakota,8392.12241446,8865.98048458,2010
Tennessee,37068.57279319999,70438.8243314,2010
Texas,84504.08472556001,234015.90603753997,2010
Utah,11168.510007575002,26585.222151280002,2010
Vermont,6665.0912490499995,7247.5558400499995,2010
Virginia,39207.84644005,82170.61427630001,2010
Washington,21782.586470770002,57190.44282353,2010
West Virginia,13846.5402455,19203.03357485,2010
Wisconsin,36932.97409016,59420.26642702501,2010
Wyoming,9002.928793735002,9362.789824415002,2010
Alabama,36073.241222549994,64914.372367719996,2011
Alaska,3042.85850579,4593.089396955,2011
Arizona,24179.366176234995,59574.949203245,2011
Arkansas,22854.901831000003,32952.949516550005,2011
California,73206.26590555,320783.9054093,2011
Colorado,19157.15382675,46606.263729700004,2011
Connecticut,4608.117700000001,31197.246858000002,2011
Delaware,2901.5013984999996,9028.1725883,2011
District of Columbia,0,3568.11508386,2011
Florida,44254.39513716,191854.95493188,2011
Georgia,45754.692274500005,108453.502733,2011
Hawaii,2507.88722277,10066.37931465,2011
Idaho,11465.40370529,15936.599320655,2011
Illinois,35308.77998114999,103234.01688405,2011
Indiana,36141.9075682425,76485.23088021,2011
Iowa,23876.7491661,31274.311137014996,2011
Kansas,17897.101244320947,30021.24702854595,2011
Kentucky,35229.555708785,48061.314484825,2011
Louisiana,25413.3402332,46512.711244000006,2011
Maine,12511.422706950001,14248.2290381,2011
Maryland,17605.339538575,56220.506523175,2011
Massachusetts,5355.37169603,54791.71248251,2011
Michigan,35271.245958415,94754.26972551,2011
Minnesota,28703.415039535,56684.71798238,2011
Mississippi,26833.906129965,38850.72179831,2011
Missouri,34970.091145945,68789.22334765,2011
Montana,11167.830806815,11659.598071325,2011
Nebraska,13681.163200324998,19093.318573425,2011
Nevada,6782.0010666,24189.31581015,2011
New Hampshire,6834.664873695,12719.529760099998,2011
New Jersey,7808.713092499999,73093.77110245,2011
New Mexico,18979.542701719998,25650.165248005,2011
New York,33128.04204,122517.48226,2011
North Carolina,46311.546045185,103772.359310355,2011
North Dakota,8377.376484174998,9130.650272634999,2011
Ohio,45361.829394695,111989.948249125,2011
Oklahoma,26656.677386599997,47463.5774233,2011
Oregon,18797.53545245,33373.3976411,2011
Pennsylvania,46187.80238118,99204.17877155499,2011
Rhode Island,1277.37185726,7901.42839011,2011
South Carolina,30862.306517315003,48730.17946792,2011
South Dakota,8516.453724814999,9002.048071365,2011
Tennessee,36855.186898349995,70751.1038701,2011
Texas,85635.62272644,237439.891087575,2011
Utah,10863.683296565,26221.626339494997,2011
Vermont,6534.84561995,7141.039079949999,2011
Virginia,38771.79939226,80973.992063635,2011
Washington,21575.22806255,56954.572843999995,2011
West Virginia,13670.295641050001,18963.12603175,2011
Wisconsin,34879.380074650006,58553.703870310004,2011
Wyoming,8910.770665339998,9244.90554045,2011
Alabama,36245.785263736005,64959.172058174,2012
Alaska,3320.594644092,4792.081998690001,2012
Arizona,24043.65705396,60129.358245619995,2012
Arkansas,22535.749929840003,33522.13681484001,2012
California,75131.752028784,326271.650555488,2012
Colorado,19304.74981362,46768.77109428,2012
Connecticut,4584.080822,31269.363724,2012
Delaware,2969.7187785,9185.738056,2012
District of Columbia,0.00074,3571.830110018,2012
Florida,43869.028129234,191373.770471774,2012
Georgia,44829.56996876,107488.49717798,2012
Hawaii,2517.13013301,10049.663456616,2012
Idaho,11762.785925760001,16314.571640466002,2012
Illinois,35273.14644396,104578.40700036,2012
Indiana,36675.807545065996,78922.579990608,2012
Iowa,23873.624450796,31596.240472812,2012
Kansas,18337.303314554,30572.475184314,2012
Kentucky,34437.615395538,47343.94452251399,2012
Louisiana,25748.0477638,46889.04025276001,2012
Maine,12460.86433738,14198.82629542,2012
Maryland,17812.32134556,56475.588259896,2012
Massachusetts,3280.4214563119995,55939.716763462,2012
Michigan,35452.918193271995,94547.98654911,2012
Minnesota,28568.312683266002,56988.318031556,2012
Mississippi,27026.265019998005,38667.129812488005,2012
Missouri,35456.371148196,68503.684447572,2012
Montana,11477.681405304,11885.123753834,2012
Nebraska,13776.958808287998,19276.550844788,2012
Nevada,6823.24336355,24148.28844473,2012
New Hampshire,7075.854752948,12893.651744684,2012
New Jersey,5643.09981134,74225.37569804,2012
New Mexico,18956.28490839,25561.649594292,2012
New York,33156.992360000004,122902.58312274,2012
North Carolina,47369.420917316005,104949.941222872,2012
North Dakota,9340.643804226,10081.491574968,2012
Ohio,45640.598578758,112715.11312519,2012
Oklahoma,26929.767252640002,47871.81167624,2012
Oregon,18633.87544034,33172.93741996,2012
Pennsylvania,44872.568758445996,98884.38578013799,2012
Rhode Island,1250.562880412,7806.87287748,2012
South Carolina,30950.787996516003,49036.190298928,2012
South Dakota,8468.045563784,9113.47145167,2012
Tennessee,36975.1012508,71166.87119316,2012
Texas,87023.263972042,237835.822756362,2012
Utah,11103.950291948002,26527.834363206002,2012
Vermont,6590.29123852,7215.657791999999,2012
Virginia,38938.978534788,80958.667790956,2012
Washington,21526.683509657996,56762.006211755994,2012
West Virginia,13989.848649540001,19225.78561374,2012
Wisconsin,35804.94904475,59087.299886352,2012
Wyoming,8815.589506482002,9270.993557706002,2012
Alabama,36417.5942128,65046.483927555004,2013
Alaska,3377.10169392,4848.454771815,2013
Arizona,20151.250174255,60586.171362065,2013
Arkansas,19698.34447325,33493.2743137,2013
California,66984.51448167,329534.13303289,2013
Colorado,19156.1600084,46968.08474395,2013
Connecticut,4527.362545,30941.185597500007,2013
Delaware,3053.3517645,9307.81002005,2013
District of Columbia,0.00073,3527.26891936,2013
Florida,44279.52772097,192701.81566934002,2013
Georgia,32187.045024999996,109354.51191249999,2013
Hawaii,1795.028629075,10099.3505932,2013
Idaho,11541.134290365,15980.106372385,2013
Illinois,33791.37932195,105297.10410645002,2013
Indiana,36394.9942523,78311.29440626,2013
Iowa,22744.043053529997,31641.001662254996,2013
Kansas,17673.397444780003,30208.284196805,2013
Kentucky,34320.29265471,46995.996860429994,2013
Louisiana,25733.9627521,47757.96707757,2013
Maine,12439.342901150001,14129.250042849999,2013
Maryland,12674.009620949999,56687.63973912501,2013
Massachusetts,3364.1038657999998,56311.172815175014,2013
Michigan,32942.96559855,95131.56498411001,2013
Minnesota,27137.60349411,56974.04513118,2013
Mississippi,25562.643778485,38757.69339421,2013
Missouri,34928.830294725,69458.42184256,2013
Montana,10799.694050834998,12032.727212259999,2013
Nebraska,13858.50915395,19321.56140309,2013
Nevada,7118.173342874999,24649.416671475,2013
New Hampshire,6079.949752064999,12902.814757934999,2013
New Jersey,5654.270987350001,74529.79194200001,2013
New Mexico,18729.100085145,25086.110774475004,2013
New York,33081.18939,124354.67574000002,2013
North Carolina,46942.146143415004,105212.55779208001,2013
North Dakota,9202.779548345,10099.64870549,2013
Ohio,41491.230274215,112766.728788755,2013
Oklahoma,25434.66620865,47998.60776405,2013
Oregon,19174.9787076,33705.84606875,2013
Pennsylvania,45378.01939127,98627.97610960499,2013
Rhode Island,1224.81394579,7775.12482233,2013
South Carolina,30986.934558435,48986.259575195,2013
South Dakota,8370.54289176,9121.7973586,2013
Tennessee,36621.32452175,71067.0436142,2013
Texas,92619.56449640502,244524.88287175004,2013
Utah,10066.45133499,27005.476071375,2013
Vermont,6505.1327329,7115.87703845,2013
Virginia,39399.01777863,80767.00570027999,2013
Washington,19932.046384969715,57211.21141681305,2013
West Virginia,14298.4640392,19232.347432950002,2013
Wisconsin,35678.39043996,59486.150423889994,2013
Wyoming,8865.805636075,9308.940396214999,2013
Alabama,33460.631350825,65666.60432635,2014
Alaska,2819.47795099,4856.704007605,2014
Arizona,21521.625634120002,62630.735980455,2014
Arkansas,20154.780489549998,34023.960122849996,2014
California,67822.58043050501,332857.19828553,2014
Colorado,18651.72068995,48985.14118490001,2014
Connecticut,3588.3004,31190.3140895,2014
Delaware,2872.99085565,9596.4036128,2014
District of Columbia,0,3527.5882048250005,2014
Florida,40939.21312656,201040.403879455,2014
Georgia,32815.457208,111534.8934475,2014
Hawaii,1713.49249248,10174.34634498,2014
Idaho,11716.0502251,16154.0400162,2014
Illinois,33089.65940515,104905.50639584998,2014
Indiana,36301.881666425,79203.629503255,2014
Iowa,23246.39372299,31413.67446648,2014
Kansas,18211.970854655,30709.717296304996,2014
Kentucky,32964.911533435,47940.634784120004,2014
Louisiana,26170.2997464,48251.73611877,2014
Maine,12556.50581605,14301.497322349998,2014
Maryland,12285.12264563,56431.74511609,2014
Massachusetts,3403.1689042849994,57552.345791629996,2014
Michigan,33212.057905454996,97384.022333965,2014
Minnesota,27302.47690659,57394.87166951501,2014
Mississippi,26019.447505530003,39499.190223740006,2014
Missouri,35833.687664845,70909.036567265,2014
Montana,10920.167823174997,12157.128961079998,2014
Nebraska,14093.814659155,19612.581566430003,2014
Nevada,6818.66068475,25301.901263300002,2014
New Hampshire,6139.062070735001,12970.408519920002,2014
New Jersey,5816.074125899999,74856.38516009999,2014
New Mexico,18638.583562865002,25347.197856849998,2014
New York,30884.388570000003,123984.38171685,2014
North Carolina,42259.641316285,108012.13123789,2014
North Dakota,9537.38738644,10511.269066329998,2014
Ohio,41632.37132085,112766.28184588999,2014
Oklahoma,25769.366725499996,47698.7822338,2014
Oregon,16985.2458415,34610.071295149995,2014
Pennsylvania,46538.01537416001,99881.537564165,2014
Rhode Island,1170.4912519100003,7676.978032865001,2014
South Carolina,29934.24130708,49931.26911454499,2014
South Dakota,8340.902026765,9225.04061525,2014
Tennessee,33302.31435005001,72335.75426495,2014
Utah,10203.40008678,27554.41929988,2014
Vermont,6095.0093501,7059.2007938,2014
Virginia,39570.31174014501,80984.63614425,2014
Washington,20298.047851715,58059.800008365,2014
West Virginia,14012.7360167,19117.4904703,2014
Wisconsin,35880.3245254,60053.380396945,2014
Wyoming,8997.68640568,9457.283094695,2014
Alabama,34294.770928485,67257.00464515,2015
Alaska,2960.728484485,5045.390230545,2015
Arizona,21950.545725599997,65044.858066445,2015
Arkansas,20724.377027450002,34897.334232550005,2015
California,69142.87037549501,335538.556628495,2015
Colorado,19151.3515641,50437.3383463,2015
Connecticut,3626.89624,31591.7936645,2015
Delaware,3000.0813262,9930.6103782,2015
District of Columbia,0,3557.192653295,2015
Florida,42719.83196396,206982.46420359,2015
Georgia,35680.758286100005,118106.56107504999,2015
Hawaii,1773.3963761750001,10300.529880795,2015
Idaho,12021.7455288,16661.9497072,2015
Illinois,33777.63148745,105223.40601975001,2015
Indiana,35582.53105607499,78818.67261105,2015
Iowa,24254.710653250004,33160.97573428,2015
Kansas,18524.514185789998,31379.124590815,2015
Kentucky,34097.0914266,48674.696010275,2015
Louisiana,24200.95880499,48180.252571749996,2015
Maine,12842.836817200001,14629.43917125,2015
Maryland,12432.575814290001,57515.82372187,2015
Massachusetts,3628.212388245,59257.480567475,2015
Michigan,34145.59073933,97843.196500475,2015
Minnesota,27302.47690659,57394.87166951501,2015
Mississippi,26416.182776914997,39890.362479389994,2015
Missouri,36262.871390605,71917.51858604001,2015
Montana,11001.98119092,12345.071263869999,2015
Nebraska,14228.45119555,20100.95861385,2015
Nevada,7128.7353597,25925.44210425,2015
New Hampshire,6210.063884804999,13093.741758215,2015
New Jersey,6014.840074850001,75393.41931204998,2015
New Mexico,19924.304562985002,27435.418381745003,2015
New York,30476.62729,121698.6394057,2015
North Carolina,43435.95693582999,111878.56878346,2015
North Dakota,8807.785761565001,10036.2168402,2015
Ohio,42130.811233835,113672.50519664501,2015
Oklahoma,26292.7093196,47713.00020885,2015
Oregon,18060.7336665,35998.504537,2015
Pennsylvania,46521.246434914996,100945.06017856499,2015
Rhode Island,1192.8818086249998,7832.561416289999,2015
South Carolina,31333.88113977,51726.04848399,2015
South Dakota,8456.91900431,9324.353331915001,2015
Tennessee,32913.22139085,76670.31840525,2015
Texas,85935.684057675,258122.30917184998,2015
Utah,11369.425451269999,29603.663493735003,2015
Vermont,6417.7412551,7313.8418516,2015
Virginia,30061.569063874995,82624.52763879,2015
Washington,21123.0707359,59652.504240345,2015
West Virginia,11912.763466975,19826.642966670002,2015
Wisconsin,37907.40493788,62073.368217535,2015
Wyoming,9169.27273913,9597.036264745,2015
Alabama,35468.078205026,69226.97080546399,2016
Alaska,3133.887571564,5258.555817806,2016
Arizona,22258.579156273998,65785.73003806801,2016
Arkansas,21222.161405496,35754.7968954,2016
California,68310.635555062,340114.936761588,2016
Colorado,19960.36317972,52151.611114499996,2016
Connecticut,3630.7196746,31638.5690036,2016
Delaware,3000.0162897799996,10177.585228720001,2016
District of Columbia,0,3621.95929807,2016
Florida,45328.30669368,215550.74934816203,2016
Georgia,37754.584343882,122802.18588081,2016
Hawaii,1818.67421035,10635.428443076002,2016
Idaho,12511.377865980001,17198.71535679,2016
Illinois,34495.45485522,107314.10271404001,2016
Indiana,40199.359362102,83182.775677446,2016
Iowa,24646.320638982,33336.972029712,2016
Kansas,18881.311654128,32102.609713276,2016
Kentucky,34393.511751743994,49312.71799714799,2016
Louisiana,24870.046143232,49155.612969680005,2016
Maine,12076.228651499998,14838.257522859998,2016
Maryland,12798.679558512,59137.327158162,2016
Massachusetts,4521.018167168,61824.851347322,2016
Michigan,35180.388088014,99432.538091224,2016
Minnesota,27981.075055912002,59028.801692746,2016
Mississippi,27340.222892907997,40754.708862711996,2016
Missouri,37396.510187172,74018.576463324,2016
Montana,11271.82273642,12598.722871646,2016
Nebraska,14308.969679939997,20699.91599513,2016
Nevada,7477.959567,26787.98835966,2016
New Hampshire,6448.439428457999,13512.596543442,2016
New Jersey,6177.59447738,77092.63215634,2016
New Mexico,20518.273768532003,27885.520839390003,2016
New York,30884.57209,122336.68341,2016
North Carolina,45305.123478348,116748.68091797401,2016
North Dakota,8446.347755884002,9739.208759072,2016
Ohio,43601.708311744,118607.62234272,2016
Oklahoma,27220.6736252,49013.277923400005,2016
Oregon,18492.562807399998,36719.1886566,2016
Pennsylvania,44744.793339834,101362.492867728,2016
Rhode Island,1215.2751898560002,7927.070506619999,2016
South Carolina,33010.708022754,54552.6422263,2016
South Dakota,8655.713270799999,9506.534322751999,2016
Tennessee,32688.539394899995,76883.74737666,2016
Texas,89287.89459309599,271262.838263532,2016
Utah,11576.988524246,31448.897057526003,2016
Vermont,6485.168680600001,7381.8900916,2016
Virginia,38010.342056672,84462.671606042,2016
Washington,21763.914966959997,61017.810943993994,2016
West Virginia,12320.982544474002,19539.442679694002,2016
Wisconsin,38276.969078958005,64046.406586158,2016
Wyoming,8920.308849470002,9322.542398558002,2016
Alabama,35194.1266278,70677.2481983,2017
Alaska,3173.9867538000003,5518.716306595001,2017
Arizona,22817.82418324,65069.578937590006,2017
Arkansas,21819.501488324997,36389.325154349994,2017
California,69973.90006917,343862.11240325496,2017
Colorado,20478.644320249998,53382.1027203,2017
Connecticut,3621.7110865000004,31500.061535999997,2017
Delaware,2612.8431902,10466.9069998,2017
District of Columbia,0,3715.86458485,2017
Florida,46496.324154505,218825.80341022,2017
Georgia,37804.70024895,124733.39436230001,2017
Hawaii,1863.2755029700002,10748.619469215,2017
Idaho,12637.02565055,17300.371938185,2017
Illinois,35244.084641350004,108011.25529870002,2017
Indiana,36963.40951212,81751.85676791001,2017
Iowa,24892.700360915,33482.087686754996,2017
Kansas,18936.36854813,32258.18896193,2017
Kentucky,34214.829593035,49239.33409581,2017
Louisiana,25114.591715130002,49220.897660890005,2017
Maine,12137.865698049998,14738.117894349998,2017
Maryland,12921.529335775,60044.56431663,2017
Massachusetts,3935.7998175250004,62660.411372040006,2017
Michigan,36738.05163187,101757.19869487999,2017
Minnesota,28372.192942169997,59970.853922605,2017
Mississippi,28556.33568088,40877.0980214,2017
Missouri,39553.662403735,75911.31624014,2017
Montana,11391.03925718,12644.672358210002,2017
Nebraska,14502.431029625,21002.014792975,2017
Nevada,7762.9984097,27587.0097148,2017
New Hampshire,6548.97403265,13681.376626409998,2017
New Jersey,6108.03503575,77508.6023092,2017
New Mexico,21373.355800000005,27835.850140000002,2017
New York,31180.42291,123476.60463155,2017
North Carolina,46830.585556720005,119176.368633175,2017
North Dakota,8361.045054844999,9716.836373594999,2017
Ohio,44261.287482675,119597.96667565999,2017
Oklahoma,27630.958085000002,49402.260404,2017
Oregon,18474.852339700003,36752.8832912,2017
Pennsylvania,45783.56371161,101614.05385117,2017
Rhode Island,1224.752834825,8000.980443735,2017
South Carolina,33586.717511719995,55497.235730844994,2017
South Dakota,8831.092189675,9642.55937087,2017
Tennessee,33675.2762762,82253.26396879999,2017
Texas,91507.62960271999,272980.907045475,2017
Utah,12130.67265597,31475.025710989998,2017
Vermont,6531.752963999999,7424.419886,2017
Virginia,38667.971407724996,85262.94494611,2017
Washington,21946.558644085,61419.92486448,2017
West Virginia,12393.803857445,19072.335445284996,2017
Wisconsin,39396.916116915,65323.70926874,2017
Wyoming,9359.735354035,9784.665268215,2017
Alabama,35344.703820875,71167.206753855,2018
Alaska,3103.8386131899997,5487.3199944299995,2018
Arizona,23093.824060394996,66144.51120536,2018
Arkansas,22052.624640864997,36675.309046815004,2018
California,74656.473209955,348795.71345636505,2018
Colorado,20739.82858935,53953.60750375,2018
Connecticut,3646.259485,31595.705327999996,2018
Delaware,2469.5994439,10179.38380645,2018
District of Columbia,0,3690.67797093,2018
Florida,47723.213281625,221815.74065528996,2018
Georgia,40582.111680205,131455.53277535,2018
Hawaii,1845.203164785,10886.767746784999,2018
Idaho,12954.6143392,17709.145773999997,2018
Illinois,35156.33898080001,107954.25392300001,2018
Indiana,37529.84206358,81528.81180214,2018
Iowa,24884.38528898,33282.400039219996,2018
Kansas,19106.033654185,32190.41297541,2018
Kentucky,35025.02571075,49543.60623531,2018
Louisiana,25970.01378893,50045.427448689996,2018
Maine,12321.336699775,14783.554893215,2018
Maryland,12838.201581205,59775.435469209995,2018
Michigan,36968.40979323,102397.55749381,2018
Minnesota,28700.882811774998,60438.31408573499,2018
Mississippi,28470.493524420002,40730.43949037,2018
Missouri,40225.528755549996,76594.99928237499,2018
Montana,11383.030080685,12699.635990409999,2018
Nebraska,14594.774730225,20974.73509338,2018
Nevada,8157.958645205001,28319.012170865004,2018
New Hampshire,6570.961996555,13776.47305627,2018
New Jersey,6093.28230015,77538.9111719,2018
New Mexico,20745.843984515002,27288.306972110004,2018
New York,31412.247476349996,123510.39863334999,2018
North Carolina,48011.15823138,121127.248623565,2018
North Dakota,8555.666213445002,9855.663668585,2018
Oklahoma,27539.3610768,45433.01281915,2018
Oregon,18657.79863115,36848.41693215,2018
Pennsylvania,45247.368780325,102109.44677226,2018
Rhode Island,1231.868987865,8008.5822069,2018
South Carolina,33963.37952306,56800.682751565,2018
South Dakota,8880.252738195,9719.406132625001,2018
Tennessee,34327.9881175,81321.49096775,2018
Texas,96154.28595547,282037.26510131,2018
Utah,12352.450978044999,32069.287913494998,2018
Vermont,6463.16320352,7346.350177619999,2018
Virginia,38355.8012381,85336.102057075,2018
Washington,22400.013108245003,62366.656131095006,2018
West Virginia,12364.439369575,19447.32321075,2018
Wisconsin,39580.081761684996,65885.43494883,2018
Wyoming,10023.784801135,10438.44261328,2018
